Alias,Location
alabamaheritagecemetery@evosyspro.live,Alabama Heritage Cemetery
alabamaheritagefuneralhome@evosyspro.live,Alabama Heritage Funeral Home
bayviewfisherpou@evosyspro.live,Bayview Fisher-Pou Chapel
bayview@evosyspro.live,Bayview Memorial Park
centuriesfuneralhome@evosyspro.live,Centuries Memorial Funeral Home
centuriespark@evosyspro.live,Centuries Memorial Park
easterngatefuneralhome@evosyspro.live,Eastern Gate Memorial Funeral Home
easterngategardens@evosyspro.live,Eastern Gate Memorial Gardens
elmwood@evosyspro.live,Elmwood Cemetery & Mausoleum
greenwoodserenity@evosyspro.live,Greenwood Serenity Memorial Gardens
heritagechapel@evosyspro.live,Heritage Chapel Funeral Home
highland@evosyspro.live,Highland Memorial Gardens
johnsridouts@evosyspro.live,Johns-Ridout's Funeral Parlors
johnsridoutselmwoodchapel@evosyspro.live,Johns-Ridout's Mortuary-Elmwood Chapel
kilgoregreen@evosyspro.live,Kilgore Green Funeral Home
leakmemory@evosyspro.live,Leak Memory Chapel
memoryhill@evosyspro.live,Memory Hill Gardens
memorypark@evosyspro.live,Memory Park Cemetery
oaklawn@evosyspro.live,Oak Lawn Funeral Home
oaklawncentral@evosyspro.live,Oaklawn Central Care Center
oakwood@evosyspro.live,Oakwood Memorial Gardens
parkhill@evosyspro.live,Parkhill Cemetery
pinecrestcemetery@evosyspro.live,Pine Crest Cemetery
pinecrestwest@evosyspro.live,Pine Crest Cemetery West
pinecrestfuneralhome@evosyspro.live,Pine Crest Funeral Home
radney@evosyspro.live,Radney Funeral Home
radneymobile@evosyspro.live,Radney Funeral Home-Mobile
ridoutsgardendale@evosyspro.live,Ridout's Gardendale Chapel
ridoutstrussville@evosyspro.live,Ridout's Trussville Chapel
ridoutsvalley@evosyspro.live,Ridout's Valley Chapel
ridoutsbrownserviceprattville@evosyspro.live,Ridout's-Brown-Service Prattville Chapel
rockco@evosyspro.live,Rockco Funeral Home
rockcomontevallo@evosyspro.live,Rockco Funeral Home (Montevallo)
southernheritagecemetery@evosyspro.live,Southern Heritage Cemetery
southernheritagefuneralhome@evosyspro.live,Southern Heritage Funeral Home
strifflerhamby@evosyspro.live,Striffler-Hamby Mortuary
sunsetbrownservicefuneralhome@evosyspro.live,Sunset Brown-Service Funeral Home
sunsetbrownservicepark@evosyspro.live,Sunset Brown-Service Memorial Park
whitechapelgreenwood@evosyspro.live,White Chapel-Greenwood Funeral Home
