Location,Campus,Campus Label,City,State,Area Code,Address Status
Alabama Heritage Cemetery,alabama-heritage-montgomery,Alabama Heritage,Montgomery,AL,334,research
Alabama Heritage Funeral Home,alabama-heritage-montgomery,Alabama Heritage,Montgomery,AL,334,research
Bayview Fisher-Pou Chapel,bayview-pensacola,Bayview,Pensacola,FL,850,research
Bayview Memorial Park,bayview-pensacola,Bayview,Pensacola,FL,850,research
Centuries Memorial Funeral Home,centuries-memorial-shreveport,Centuries Memorial,Shreveport,LA,318,research
Centuries Memorial Park,centuries-memorial-shreveport,Centuries Memorial,Shreveport,LA,318,research
Eastern Gate Memorial Funeral Home,eastern-gate-memorial-pensacola,Eastern Gate Memorial,Pensacola,FL,850,research
Eastern Gate Memorial Gardens,eastern-gate-memorial-pensacola,Eastern Gate Memorial,Pensacola,FL,850,research
Elmwood Cemetery & Mausoleum,elmwood-birmingham,Elmwood,Birmingham,AL,205,confirm
Johns-Ridout's Mortuary-Elmwood Chapel,elmwood-birmingham,Elmwood,Birmingham,AL,205,research
Greenwood Serenity Memorial Gardens,greenwood-montgomery,Greenwood,Montgomery,AL,334,research
White Chapel-Greenwood Funeral Home,greenwood-montgomery,Greenwood,Montgomery,AL,334,research
Heritage Chapel Funeral Home,heritage-chapel-funeral-home-tuscaloosa,Heritage Chapel Funeral Home,Tuscaloosa,AL,205,research
Highland Memorial Gardens,highland-memorial-gardens-bessemer,Highland Memorial Gardens,Bessemer,AL,205,research
Johns-Ridout's Funeral Parlors,johns-ridouts-funeral-parlors-birmingham,Johns-Ridout's Funeral Parlors,Birmingham,AL,205,research
Kilgore Green Funeral Home,kilgore-green-funeral-home-jasper,Kilgore Green Funeral Home,Jasper,AL,205,research
Leak Memory Chapel,leak-memory-chapel-montgomery,Leak Memory Chapel,Montgomery,AL,334,research
Memory Hill Gardens,memory-hill-gardens-tuscaloosa,Memory Hill Gardens,Tuscaloosa,AL,205,research
Memory Park Cemetery,memory-park-cemetery-milton,Memory Park Cemetery,Milton,FL,850,confirm
Oak Lawn Funeral Home,oak-lawn-funeral-home-pensacola,Oak Lawn Funeral Home,Pensacola,FL,850,research
Oaklawn Central Care Center,oaklawn-central-care-center,Oaklawn Central Care Center,,,,unverified
Oakwood Memorial Gardens,oakwood-memorial-gardens-gardendale,Oakwood Memorial Gardens,Gardendale,AL,205,research
Parkhill Cemetery,parkhill-cemetery-columbus,Parkhill Cemetery,Columbus,GA,706,research
Pine Crest Cemetery,pine-crest-mobile,Pine Crest,Mobile,AL,251,research
Pine Crest Funeral Home,pine-crest-mobile,Pine Crest,Mobile,AL,251,research
Pine Crest Cemetery West,pine-crest-cemetery-west,Pine Crest Cemetery West,Mobile,AL,251,verified
Radney Funeral Home,radney-funeral-home-saraland,Radney Funeral Home,Saraland,AL,251,research
Radney Funeral Home-Mobile,radney-funeral-home-mobile-mobile,Radney Funeral Home-Mobile,Mobile,AL,251,research
Ridout's Gardendale Chapel,ridouts-gardendale-chapel-gardendale,Ridout's Gardendale Chapel,Gardendale,AL,205,research
Ridout's Trussville Chapel,ridouts-trussville-chapel-birmingham,Ridout's Trussville Chapel,Birmingham,AL,205,research
Ridout's Valley Chapel,ridouts-valley-chapel-homewood,Ridout's Valley Chapel,Homewood,AL,205,research
Ridout's-Brown-Service Prattville Chapel,ridouts-brown-service-prattville-chapel-prattville,Ridout's-Brown-Service Prattville Chapel,Prattville,AL,334,research
Rockco Funeral Home,rockco-funeral-home-centreville,Rockco Funeral Home,Centreville,AL,205,research
Rockco Funeral Home (Montevallo),rockco-funeral-home-montevallo-montevallo,Rockco Funeral Home (Montevallo),Montevallo,AL,205,research
Southern Heritage Cemetery,southern-heritage-pelham,Southern Heritage,Pelham,AL,205,research
Southern Heritage Funeral Home,southern-heritage-pelham,Southern Heritage,Pelham,AL,205,research
Striffler-Hamby Mortuary,striffler-hamby-mortuary-columbus,Striffler-Hamby Mortuary,Columbus,GA,706,confirm
Sunset Brown-Service Funeral Home,sunset-brown-service-northport,Sunset Brown-Service,Northport,AL,205,research
Sunset Brown-Service Memorial Park,sunset-brown-service-northport,Sunset Brown-Service,Northport,AL,205,research
